{"cameraMode":{"drawMode":0,"name":"Shaded","section":"Shading Mode"},"sceneLighting":false,"audioPlay":false,"sceneViewState":{"showFog":true,"showMaterialUpdate":false,"showSkybox":false,"showFlares":true,"showImageEffects":true,"showParticleSystems":true},"in2DMode":false,"pivot":{"x":0.7650001049041748,"y":0.6740000247955322,"z":-0.652999997138977},"rotation":{"x":-0.10421634465456009,"y":0.618626058101654,"z":-0.08329731971025467,"w":-0.7743092179298401},"size":1.9578838348388672,"orthographic":false}