{"cameraMode":{"drawMode":0,"name":"Shaded","section":"Shading Mode"},"sceneLighting":false,"audioPlay":false,"sceneViewState":{"showFog":true,"showMaterialUpdate":false,"showSkybox":false,"showFlares":true,"showImageEffects":true,"showParticleSystems":true},"in2DMode":false,"pivot":{"x":5.960464477539063e-8,"y":5.0980000495910648,"z":-2.4700000286102297},"rotation":{"x":-0.4910199046134949,"y":0.10970696061849594,"z":-0.06249767914414406,"w":-0.8619570136070252},"size":2.8578941822052,"orthographic":false}